filename,imagenet_class_index,imagenet_prediction,confidence
P001_OD_G1.jpg,570,gasmask,0.08644050359725952
P001_OS_G1.jpg,604,hourglass,0.1478835642337799
P002_OD_G1.jpg,787,shield,0.11642420291900635
P002_OS_G1.jpg,633,loupe,0.10673151910305023
P003_OD_G1.jpg,577,gong,0.6012710928916931
P003_OS_G1.jpg,577,gong,0.3843458592891693
P004_OD_G1.jpg,966,red wine,0.20005539059638977
P004_OD_G2.jpg,577,gong,0.26179397106170654
P004_OS_G1.jpg,827,stove,0.16471892595291138
P004_OS_G2.jpg,626,lighter,0.09113213419914246
P005_OD_G1.jpg,909,wok,0.08483045548200607
P005_OS_G1.jpg,577,gong,0.17729602754116058
P006_OD_G1.jpg,475,car mirror,0.21668711304664612
P006_OS_G1.jpg,960,chocolate sauce,0.21977286040782928
P007_OD_G1.jpg,461,breastplate,0.08475909382104874
P007_OS_G1.jpg,966,red wine,0.42530557513237
P007_OS_G2.jpg,966,red wine,0.23466086387634277
P008_OD_G1.jpg,909,wok,0.17752330005168915
P008_OD_G2.jpg,666,mortar,0.6417210698127747
P008_OD_G3.jpg,966,red wine,0.41228148341178894
P008_OD_G4.jpg,75,black widow,0.17166516184806824
P008_OS_G1.jpg,971,bubble,0.08411139249801636
P008_OS_G2.jpg,966,red wine,0.09210936725139618
P008_OS_G3.jpg,828,strainer,0.04897669330239296
P009_OD_G1.jpg,577,gong,0.29810306429862976
P009_OS_G1.jpg,577,gong,0.5497258901596069
P009_OS_G2.jpg,577,gong,0.5896496772766113
P010_OD_G1.jpg,9,ostrich,0.03968141973018646
P010_OD_G2.jpg,185,Norfolk terrier,0.04022148251533508
P010_OD_G3.jpg,577,gong,0.6837788820266724
P010_OD_G4.jpg,966,red wine,0.12233130633831024
P010_OD_G5.jpg,577,gong,0.48913776874542236
P010_OD_G6.jpg,505,coffeepot,0.2997599244117737
P010_OS_G1.jpg,577,gong,0.5977300405502319
P010_OS_G2.jpg,577,gong,0.42166072130203247
P010_OS_G3.jpg,577,gong,0.32104557752609253
P010_OS_G4.jpg,475,car mirror,0.25181469321250916
P010_OS_G5.jpg,823,stethoscope,0.1751803308725357
P011_OD_G1.jpg,475,car mirror,0.1566963791847229
P011_OD_G2.jpg,633,loupe,0.0983460322022438
P011_OS_G1.jpg,518,crash helmet,0.13199807703495026
P012_OD_G1.jpg,427,barrel,0.08521514385938644
P012_OS_G1.jpg,535,disk brake,0.14971905946731567
P012_OS_G2.jpg,666,mortar,0.2226220667362213
P013_OD_G1.jpg,731,plunger,0.18099969625473022
P013_OD_G2.jpg,577,gong,0.12001093477010727
P013_OS_G1.jpg,577,gong,0.5108625292778015
P013_OS_G2.jpg,910,wooden spoon,0.11872994899749756
P014_OD_G1.jpg,577,gong,0.18290559947490692
P014_OS_G1.jpg,475,car mirror,0.10989813506603241
P015_OD_G1.jpg,111,nematode,0.13834784924983978
P015_OD_G2.jpg,111,nematode,0.16690795123577118
P015_OD_G3.jpg,903,wig,0.1506955474615097
P015_OD_G4.jpg,629,lipstick,0.1505081057548523
P015_OD_G5.jpg,577,gong,0.7052742838859558
P015_OD_G6.jpg,633,loupe,0.08689384907484055
P015_OD_G7.jpg,577,gong,0.7052742838859558
P015_OD_G8.jpg,633,loupe,0.08689384907484055
P015_OS_G1.jpg,629,lipstick,0.13856853544712067
P015_OS_G2.jpg,629,lipstick,0.06692982465028763
P015_OS_G3.jpg,607,jack-o'-lantern,0.3171482980251312
P015_OS_G4.jpg,816,spindle,0.8140426874160767
P015_OS_G5.jpg,607,jack-o'-lantern,0.3171482980251312
P015_OS_G6.jpg,816,spindle,0.8140426874160767
P016_OD_G1.jpg,577,gong,0.15381531417369843
P016_OS_G1.jpg,577,gong,0.20010216534137726
P017_OD_G1.jpg,577,gong,0.549376368522644
P017_OS_G1.jpg,577,gong,0.32542768120765686
P018_OD_G1.jpg,577,gong,0.1997227966785431
P018_OS_G1.jpg,836,sunglass,0.0649978294968605
P018_OS_G2.jpg,909,wok,0.1635797619819641
P019_OD_G1.jpg,909,wok,0.0955638587474823
P019_OS_G1.jpg,577,gong,0.25167402625083923
P020_OD_G1.jpg,659,mixing bowl,0.14593565464019775
P020_OS_G1.jpg,849,teapot,0.053812745958566666
P021_OD_G1.jpg,518,crash helmet,0.11485319584608078
P021_OS_G1.jpg,837,sunglasses,0.22077561914920807
P022_OD_G1.jpg,475,car mirror,0.1181575283408165
P022_OS_G1.jpg,475,car mirror,0.20198823511600494
P023_OD_G1.jpg,818,spotlight,0.22493067383766174
P023_OS_G1.jpg,745,projector,0.5863584876060486
P024_OD_G1.jpg,673,mouse,0.09604643285274506
P024_OS_G1.jpg,818,spotlight,0.13280825316905975
P025_OD_G1.jpg,633,loupe,0.05606703460216522
P025_OS_G1.jpg,971,bubble,0.06894338876008987
P026_OD_G1.jpg,577,gong,0.6759393215179443
P026_OS_G1.jpg,577,gong,0.6679413318634033
P027_OD_G1.jpg,836,sunglass,0.29627564549446106
P027_OS_G1.jpg,577,gong,0.7747335433959961
P028_OD_G1.jpg,836,sunglass,0.23636622726917267
P028_OS_G1.jpg,909,wok,0.07032337039709091
P030_OD_G1.jpg,577,gong,0.8124181628227234
P030_OD_G2.jpg,836,sunglass,0.3828837275505066
P030_OS_G1.jpg,837,sunglasses,0.26159027218818665
P030_OS_G2.jpg,909,wok,0.17963875830173492
P030_OS_G3.jpg,909,wok,0.08825686573982239
P031_OD_G1.jpg,745,projector,0.3482939898967743
P031_OS_G1.jpg,505,coffeepot,0.08309008926153183
P031_OS_G2.jpg,618,ladle,0.361087441444397
P032_OD_G1.jpg,475,car mirror,0.3514830470085144
P032_OD_G2.jpg,633,loupe,0.22357507050037384
P032_OS_G1.jpg,542,drumstick,0.08239186555147171
P032_OS_G2.jpg,577,gong,0.5463569164276123
P033_OD_G1.jpg,966,red wine,0.21303676068782806
P033_OD_G2.jpg,909,wok,0.13024285435676575
P033_OS_G1.jpg,650,microphone,0.05400288850069046
P033_OS_G2.jpg,773,saltshaker,0.02699684351682663
P034_OD_G1.jpg,577,gong,0.5136993527412415
P034_OS_G1.jpg,577,gong,0.5542035698890686
P035_OD_G1.jpg,971,bubble,0.10025373846292496
P035_OS_G1.jpg,618,ladle,0.05784369260072708
P036_OD_G1.jpg,633,loupe,0.2206260859966278
P036_OS_G1.jpg,837,sunglasses,0.13654828071594238
P037_OD_G1.jpg,577,gong,0.6994702219963074
P037_OS_G1.jpg,577,gong,0.3865339159965515
P038_OD_G1.jpg,909,wok,0.057302992790937424
P038_OD_G2.jpg,577,gong,0.6565841436386108
P038_OD_G3.jpg,731,plunger,0.22068336606025696
P038_OS_G1.jpg,837,sunglasses,0.296993225812912
P038_OS_G2.jpg,633,loupe,0.7665444612503052
P039_OD_G1.jpg,731,plunger,0.2364201843738556
P039_OD_G2.jpg,461,breastplate,0.09591501206159592
P039_OD_G3.jpg,577,gong,0.09304598718881607
P039_OS_G1.jpg,710,pencil sharpener,0.5332439541816711
P039_OS_G2.jpg,966,red wine,0.06585143506526947
P039_OS_G3.jpg,966,red wine,0.14143191277980804
P040_OD_G1.jpg,816,spindle,0.2869223654270172
P040_OD_G2.jpg,607,jack-o'-lantern,0.09497538208961487
P040_OD_G3.jpg,816,spindle,0.3567161560058594
P040_OS_G1.jpg,836,sunglass,0.06659533828496933
P041_OD_G1.jpg,577,gong,0.12718500196933746
P041_OD_G2.jpg,577,gong,0.0820021778345108
P041_OD_G3.jpg,659,mixing bowl,0.3431920111179352
P041_OD_G4.jpg,816,spindle,0.18127885460853577
P041_OS_G1.jpg,971,bubble,0.17977756261825562
P041_OS_G2.jpg,577,gong,0.8103092312812805
P042_OD_G1.jpg,818,spotlight,0.1648377776145935
P042_OS_G1.jpg,577,gong,0.5502219796180725
P043_OD_G1.jpg,577,gong,0.17605935037136078
P043_OD_G2.jpg,577,gong,0.5718640089035034
P043_OD_G3.jpg,577,gong,0.38551801443099976
P043_OS_G1.jpg,577,gong,0.40119338035583496
P044_OD_G1.jpg,659,mixing bowl,0.04490087553858757
P044_OS_G1.jpg,731,plunger,0.18880480527877808
P045_OD_G1.jpg,577,gong,0.2515731453895569
P045_OS_G1.jpg,577,gong,0.16127081215381622
P046_OD_G1.jpg,644,matchstick,0.4578359127044678
P046_OD_G2.jpg,909,wok,0.7117651700973511
P046_OS_G1.jpg,909,wok,0.16806380450725555
P046_OS_G2.jpg,577,gong,0.7266544699668884
P047_OD_G1.jpg,577,gong,0.5874198079109192
P047_OS_G1.jpg,725,pitcher,0.09419034421443939
P048_OD_G1.jpg,577,gong,0.11810971051454544
P048_OD_G2.jpg,731,plunger,0.34450840950012207
P048_OS_G1.jpg,577,gong,0.5807132124900818
P048_OS_G2.jpg,577,gong,0.3664240539073944
P049_OD_G1.jpg,577,gong,0.5004663467407227
P049_OS_G1.jpg,518,crash helmet,0.0906810313463211
P050_OD_G1.jpg,659,mixing bowl,0.11449583619832993
P050_OS_G1.jpg,505,coffeepot,0.1095481589436531
P051_OD_G1.jpg,328,sea urchin,0.259015828371048
P051_OD_G2.jpg,78,tick,0.12662482261657715
P051_OD_G3.jpg,475,car mirror,0.09369996190071106
P051_OS_G1.jpg,990,buckeye,0.10849376767873764
P051_OS_G2.jpg,577,gong,0.09715426713228226
P052_OD_G1.jpg,577,gong,0.575928270816803
P052_OS_G1.jpg,577,gong,0.8493541479110718
P053_OD_G1.jpg,577,gong,0.2893691062927246
P053_OS_G1.jpg,577,gong,0.13723556697368622
P054_OD_G1.jpg,909,wok,0.20070475339889526
P054_OD_G2.jpg,577,gong,0.3697783052921295
P054_OS_G1.jpg,577,gong,0.36568668484687805
P054_OS_G2.jpg,896,washbasin,0.3325076997280121
P055_OD_G1.jpg,577,gong,0.6646761298179626
P055_OD_G2.jpg,577,gong,0.5099994540214539
P055_OD_G3.jpg,507,combination lock,0.19350087642669678
P055_OS_G1.jpg,859,toaster,0.07696955651044846
P055_OS_G2.jpg,577,gong,0.6381104588508606
P056_OD_G1.jpg,966,red wine,0.623110830783844
P056_OS_G1.jpg,960,chocolate sauce,0.5294720530509949
P057_OD_G1.jpg,505,coffeepot,0.23620258271694183
P057_OD_G2.jpg,116,chiton,0.14916057884693146
P057_OD_G3.jpg,441,beer glass,0.1404646933078766
P057_OS_G1.jpg,823,stethoscope,0.09348168224096298
P057_OS_G2.jpg,966,red wine,0.06837206333875656
P057_OS_G3.jpg,714,pick,0.0943562388420105
P057_OS_G4.jpg,772,safety pin,0.19626906514167786
P057_OS_G5.jpg,577,gong,0.2730478346347809
P057_OS_G6.jpg,78,tick,0.21824459731578827
P057_OS_G7.jpg,577,gong,0.24992379546165466
P057_OS_G8.jpg,577,gong,0.6495575308799744
P058_OD_G1.jpg,666,mortar,0.30070337653160095
P058_OD_G2.jpg,577,gong,0.6689237952232361
P058_OS_G1.jpg,896,washbasin,0.1375523805618286
P058_OS_G2.jpg,909,wok,0.2928166091442108
P059_OD_G1.jpg,745,projector,0.14479182660579681
P059_OD_G2.jpg,909,wok,0.10127481073141098
P059_OS_G1.jpg,787,shield,0.21597862243652344
P060_OD_G1.jpg,896,washbasin,0.06192515790462494
P060_OS_G1.jpg,818,spotlight,0.10213083773851395
P060_OS_G2.jpg,787,shield,0.15608203411102295
P061_OD_G1.jpg,818,spotlight,0.1366272121667862
P061_OS_G1.jpg,696,paintbrush,0.10962674766778946
P061_OS_G2.jpg,633,loupe,0.8146156668663025
P062_OD_G1.jpg,577,gong,0.09886160492897034
P062_OS_G1.jpg,577,gong,0.47071778774261475
P062_OS_G2.jpg,971,bubble,0.2210433930158615
P062_OS_G3.jpg,419,Band Aid,0.08079544454813004
P063_OD_G1.jpg,542,drumstick,0.07884104549884796
P063_OD_G2.jpg,850,teddy,0.10784601420164108
P063_OS_G1.jpg,909,wok,0.19546398520469666
P063_OS_G2.jpg,633,loupe,0.27821850776672363
P063_OS_G3.jpg,523,crutch,0.22430527210235596
P064_OD_G1.jpg,577,gong,0.4366302192211151
P064_OS_G1.jpg,577,gong,0.48135852813720703
P065_OD_G1.jpg,577,gong,0.30998557806015015
P065_OD_G2.jpg,464,buckle,0.07119013369083405
P065_OD_G3.jpg,818,spotlight,0.14133334159851074
P065_OS_G1.jpg,966,red wine,0.054638586938381195
P065_OS_G2.jpg,427,barrel,0.095753014087677
P065_OS_G3.jpg,475,car mirror,0.1449597179889679
P066_OD_G1.jpg,518,crash helmet,0.42107003927230835
P066_OS_G1.jpg,837,sunglasses,0.39107802510261536
P067_OD_G1.jpg,966,red wine,0.1293639987707138
P067_OS_G1.jpg,745,projector,0.08770577609539032
P068_OD_G1.jpg,896,washbasin,0.09359858185052872
P068_OD_G2.jpg,896,washbasin,0.3082405626773834
P068_OD_G3.jpg,577,gong,0.6041104197502136
P068_OS_G1.jpg,577,gong,0.6049301028251648
P068_OS_G2.jpg,577,gong,0.4809461534023285
P069_OD_G1.jpg,641,maraca,0.08664022386074066
P069_OD_G2.jpg,475,car mirror,0.22754819691181183
P069_OD_G3.jpg,577,gong,0.2913290858268738
P069_OS_G1.jpg,577,gong,0.6447010040283203
P069_OS_G2.jpg,577,gong,0.4557842016220093
P069_OS_G3.jpg,577,gong,0.7901171445846558
P070_OD_G1.jpg,966,red wine,0.06717339903116226
P070_OS_G1.jpg,577,gong,0.5387128591537476
P071_OD_G1.jpg,971,bubble,0.17267847061157227
P071_OD_G2.jpg,909,wok,0.5202988982200623
P071_OS_G1.jpg,577,gong,0.09202853590250015
P071_OS_G2.jpg,6,stingray,0.1583339422941208
P071_OS_G3.jpg,107,jellyfish,0.24698670208454132
P071_OS_G4.jpg,816,spindle,0.46358373761177063
P072_OD_G1.jpg,577,gong,0.201224222779274
P072_OS_G1.jpg,710,pencil sharpener,0.09063336253166199
P072_OS_G2.jpg,731,plunger,0.12039428949356079
P073_OD_G1.jpg,836,sunglass,0.13915316760540009
P073_OS_G1.jpg,966,red wine,0.20249246060848236
P073_OS_G2.jpg,619,lampshade,0.09178022295236588
P074_OD_G1.jpg,607,jack-o'-lantern,0.46155455708503723
P074_OD_G2.jpg,827,stove,0.06417714059352875
P074_OS_G1.jpg,896,washbasin,0.0934642031788826
P074_OS_G2.jpg,427,barrel,0.22783486545085907
P075_OD_G1.jpg,577,gong,0.1520153284072876
P075_OD_G2.jpg,577,gong,0.27101248502731323
P075_OS_G1.jpg,731,plunger,0.1753210425376892
P075_OS_G2.jpg,861,toilet seat,0.05939333885908127
P076_OD_G1.jpg,644,matchstick,0.13952261209487915
P076_OD_G2.jpg,577,gong,0.49597877264022827
P076_OS_G1.jpg,909,wok,0.15479177236557007
P076_OS_G2.jpg,909,wok,0.1464391052722931
P077_OD_G1.jpg,604,hourglass,0.24801261723041534
P077_OS_G1.jpg,618,ladle,0.16701899468898773
P078_OD_G1.jpg,577,gong,0.5214592814445496
P078_OS_G1.jpg,909,wok,0.15705397725105286
P079_OD_G1.jpg,710,pencil sharpener,0.1647403985261917
P079_OS_G1.jpg,577,gong,0.13118650019168854
P080_OD_G1.jpg,966,red wine,0.09071066975593567
P080_OD_G2.jpg,632,loudspeaker,0.20445269346237183
P080_OD_G3.jpg,577,gong,0.20855146646499634
P080_OS_G1.jpg,966,red wine,0.294119656085968
P080_OS_G2.jpg,577,gong,0.06924309581518173
P081_OD_G1.jpg,577,gong,0.43534591794013977
P081_OD_G2.jpg,577,gong,0.2842188775539398
P081_OD_G3.jpg,2,great white shark,0.1088579073548317
P081_OD_G4.jpg,577,gong,0.22691784799098969
P081_OD_G5.jpg,513,cornet,0.342724472284317
P081_OS_G1.jpg,643,mask,0.13022711873054504
P081_OS_G2.jpg,909,wok,0.14745701849460602
P081_OS_G3.jpg,966,red wine,0.1820044219493866
P081_OS_G4.jpg,818,spotlight,0.20072385668754578
P082_OD_G1.jpg,518,crash helmet,0.24086858332157135
P082_OS_G1.jpg,745,projector,0.44725897908210754
P083_OD_G1.jpg,745,projector,0.20051616430282593
P083_OS_G1.jpg,745,projector,0.12181465327739716
P084_OD_G1.jpg,577,gong,0.22738151252269745
P084_OS_G1.jpg,505,coffeepot,0.1966896802186966
P085_OD_G1.jpg,577,gong,0.6268336176872253
P085_OS_G1.jpg,521,Crock Pot,0.043138809502124786
P086_OD_G1.jpg,823,stethoscope,0.287477046251297
P086_OD_G2.jpg,111,nematode,0.11313681304454803
P086_OD_G3.jpg,607,jack-o'-lantern,0.4401891827583313
P086_OD_G4.jpg,607,jack-o'-lantern,0.5648254752159119
P086_OS_G1.jpg,966,red wine,0.15565049648284912
P087_OD_G1.jpg,577,gong,0.512184739112854
P087_OD_G2.jpg,577,gong,0.14407502114772797
P087_OS_G1.jpg,577,gong,0.6265950202941895
P087_OS_G2.jpg,577,gong,0.14387467503547668
P088_OD_G1.jpg,659,mixing bowl,0.2415238469839096
P088_OS_G1.jpg,644,matchstick,0.27683016657829285
P089_OD_G1.jpg,644,matchstick,0.12427447736263275
P089_OD_G2.jpg,633,loupe,0.42455628514289856
P089_OS_G1.jpg,666,mortar,0.2663227617740631
P090_OD_G1.jpg,464,buckle,0.16311772167682648
P090_OS_G1.jpg,577,gong,0.17950943112373352
P090_OS_G2.jpg,577,gong,0.4929216206073761
P091_OD_G1.jpg,577,gong,0.6039363145828247
P091_OS_G1.jpg,577,gong,0.5545495748519897
P092_OD_G1.jpg,966,red wine,0.3934990167617798
P092_OD_G2.jpg,577,gong,0.4181215465068817
P092_OD_G3.jpg,577,gong,0.6645270586013794
P092_OS_G1.jpg,725,pitcher,0.09710395336151123
P092_OS_G2.jpg,577,gong,0.8515452742576599
P092_OS_G3.jpg,577,gong,0.7204807996749878
P093_OD_G1.jpg,117,chambered nautilus,0.1167335957288742
P093_OS_G1.jpg,731,plunger,0.203496053814888
P094_OD_G1.jpg,897,washer,0.3441081643104553
P094_OD_G2.jpg,816,spindle,0.5162678360939026
P094_OS_G1.jpg,909,wok,0.1375262290239334
P094_OS_G2.jpg,710,pencil sharpener,0.6856808662414551
P095_OD_G1.jpg,577,gong,0.1520153284072876
P095_OD_G2.jpg,577,gong,0.27101248502731323
P095_OS_G1.jpg,731,plunger,0.1753210425376892
P095_OS_G2.jpg,861,toilet seat,0.05939333885908127
P096_OD_G1.jpg,816,spindle,0.262703001499176
P096_OD_G2.jpg,909,wok,0.3550182580947876
P096_OS_G1.jpg,618,ladle,0.048690538853406906
P096_OS_G2.jpg,909,wok,0.1263531893491745
P097_OD_G1.jpg,816,spindle,0.2923174202442169
P097_OS_G1.jpg,518,crash helmet,0.10259094834327698
P098_OD_G1.jpg,909,wok,0.1330461949110031
P098_OS_G1.jpg,618,ladle,0.14124229550361633
P099_OD_G1.jpg,577,gong,0.6868035197257996
P099_OD_G2.jpg,633,loupe,0.13367684185504913
P100_OD_G1.jpg,633,loupe,0.0967247262597084
P100_OS_G1.jpg,570,gasmask,0.0649440661072731
P100_OS_G2.jpg,577,gong,0.39451929926872253
P101_OD_G1.jpg,505,coffeepot,0.185145303606987
P101_OD_G2.jpg,505,coffeepot,0.26690205931663513
P101_OD_G3.jpg,475,car mirror,0.2583773732185364
P101_OD_G4.jpg,909,wok,0.1613209992647171
P101_OS_G1.jpg,896,washbasin,0.1822335571050644
P101_OS_G2.jpg,577,gong,0.36148354411125183
P102_OD_G1.jpg,577,gong,0.5209218859672546
P102_OS_G1.jpg,577,gong,0.695949137210846
P103_OD_G1.jpg,966,red wine,0.13965606689453125
P103_OS_G1.jpg,966,red wine,0.06080222874879837
P104_OD_G1.jpg,666,mortar,0.12339399755001068
P104_OS_G1.jpg,506,coil,0.07194429636001587
P105_OD_G1.jpg,710,pencil sharpener,0.14888349175453186
P105_OD_G2.jpg,745,projector,0.24851097166538239
P105_OD_G3.jpg,745,projector,0.22994880378246307
P105_OD_G4.jpg,666,mortar,0.05790320038795471
P105_OD_G5.jpg,577,gong,0.1911112517118454
P105_OS_G1.jpg,836,sunglass,0.11123163998126984
P105_OS_G2.jpg,710,pencil sharpener,0.8225197196006775
P105_OS_G3.jpg,896,washbasin,0.1504274606704712
P106_OD_G1.jpg,577,gong,0.2309374064207077
P106_OD_G2.jpg,78,tick,0.31133443117141724
P106_OD_G3.jpg,78,tick,0.2392246574163437
P106_OS_G1.jpg,633,loupe,0.4272598922252655
P106_OS_G2.jpg,816,spindle,0.12985536456108093
P107_OD_G1.jpg,629,lipstick,0.6817857027053833
P107_OD_G2.jpg,643,mask,0.742546558380127
P107_OD_G3.jpg,577,gong,0.1911153793334961
P107_OS_G1.jpg,3,tiger shark,0.6058939695358276
P107_OS_G2.jpg,577,gong,0.43573829531669617
P108_OD_G1.jpg,577,gong,0.043044015765190125
P108_OD_G2.jpg,577,gong,0.5923221707344055
P108_OD_G3.jpg,577,gong,0.6397383213043213
P108_OD_G4.jpg,515,cowboy hat,0.06539838016033173
P108_OS_G1.jpg,577,gong,0.4654047191143036
P108_OS_G2.jpg,577,gong,0.6699480414390564
P108_OS_G3.jpg,896,washbasin,0.32396864891052246
P109_OD_G1.jpg,518,crash helmet,0.08433108776807785
P109_OS_G1.jpg,577,gong,0.3712277114391327
P109_OS_G2.jpg,577,gong,0.30210697650909424
P109_OS_G3.jpg,577,gong,0.14547212421894073
P110_OD_G1.jpg,896,washbasin,0.33146488666534424
P110_OD_G2.jpg,6,stingray,0.06534946709871292
P110_OD_G3.jpg,6,stingray,0.11338207125663757
P110_OS_G1.jpg,731,plunger,0.225831538438797
P110_OS_G2.jpg,577,gong,0.22460991144180298
P110_OS_G3.jpg,6,stingray,0.11090292036533356
P110_OS_G4.jpg,6,stingray,0.19591177999973297
P110_OS_G5.jpg,731,plunger,0.11333155632019043
P110_OS_G6.jpg,633,loupe,0.10112709552049637
P111_OD_G1.jpg,818,spotlight,0.10357468575239182
P111_OS_G1.jpg,745,projector,0.4936387240886688
P112_OD_G1.jpg,836,sunglass,0.2165866494178772
P112_OS_G1.jpg,618,ladle,0.06194896996021271
P113_OD_G1.jpg,966,red wine,0.25713834166526794
P113_OS_G1.jpg,622,lens cap,0.05095262452960014
P113_OS_G2.jpg,622,lens cap,0.12092673033475876
P114_OD_G1.jpg,310,ant,0.2051769196987152
P114_OD_G2.jpg,577,gong,0.5095866918563843
P114_OS_G1.jpg,666,mortar,0.18229274451732635
P114_OS_G2.jpg,577,gong,0.5447134971618652
P115_OD_G1.jpg,475,car mirror,0.33388960361480713
P115_OS_G1.jpg,907,wine bottle,0.1575464904308319
P116_OD_G1.jpg,966,red wine,0.10818061977624893
P116_OS_G1.jpg,577,gong,0.39530348777770996
P117_OD_G1.jpg,577,gong,0.212958425283432
P117_OS_G1.jpg,577,gong,0.2313389927148819
P118_OD_G1.jpg,772,safety pin,0.11826234310865402
P118_OD_G2.jpg,644,matchstick,0.0934877023100853
P118_OS_G1.jpg,512,corkscrew,0.09848841279745102
P118_OS_G2.jpg,896,washbasin,0.4848867654800415
P118_OS_G3.jpg,435,bathtub,0.07789937406778336
P118_OS_G4.jpg,644,matchstick,0.22179293632507324
P119_OD_G1.jpg,577,gong,0.6334376335144043
P119_OS_G1.jpg,836,sunglass,0.20593656599521637
P120_OD_G1.jpg,577,gong,0.792704164981842
P120_OS_G1.jpg,577,gong,0.38782623410224915
P121_OD_G1.jpg,475,car mirror,0.4737160801887512
P121_OS_G1.jpg,475,car mirror,0.49945902824401855
P122_OD_G1.jpg,577,gong,0.7061869502067566
P122_OD_G2.jpg,475,car mirror,0.1653205156326294
P122_OS_G1.jpg,577,gong,0.7224840521812439
P122_OS_G2.jpg,577,gong,0.1029253900051117
P123_OD_G1.jpg,577,gong,0.4542452096939087
P123_OD_G2.jpg,966,red wine,0.16336621344089508
P123_OS_G1.jpg,910,wooden spoon,0.17552995681762695
P124_OD_G1.jpg,577,gong,0.5745548605918884
P124_OS_G1.jpg,577,gong,0.18105915188789368
P125_OD_G1.jpg,577,gong,0.3537754714488983
P125_OS_G1.jpg,577,gong,0.5003026127815247
P126_OD_G1.jpg,577,gong,0.1194407120347023
P126_OS_G1.jpg,577,gong,0.07335884869098663
P126_OS_G2.jpg,909,wok,0.24101662635803223
P127_OD_G1.jpg,836,sunglass,0.13065582513809204
P127_OD_G2.jpg,577,gong,0.282818466424942
P127_OS_G1.jpg,773,saltshaker,0.05084023252129555
P127_OS_G2.jpg,816,spindle,0.13773846626281738
